"阶段 ID","阶段名称","玩家可感知结果","世界层级","入口条件","输出物","明确不做","核心数据对象","依赖阶段","自动验收门槛","实际窗口门槛","独立复查门槛","主要风险","回滚点","当前状态","阶段进度"
"V4","派遣主链路冻结","玩家从己方驻军节点选路线、选比例、完成可见行军并得到一次性到达结算。","外城战区（隔离 MVP）","当前 dirty V4 三文件与受保护 S1A.2 范围已锁定。","冻结状态机、驻军守恒、路线先行调遣、行军不冻结、失败/胜利回城与回归证据。","不扩多兵种、多军队并发、遭遇战、攻城与存档。","UI Interaction State, Pending Order, prototype garrisons, prototype marching-army dictionaries","P0/P1/C0 已有技术基线","V4 smoke + tracked full regression + scene/headless + diff check","实体鼠标完成取消、失败路线、援军胜利路线、回城重试；持续行军无卡死。","独立复查 dirty diff、一次性语义、输入所有权和 singleton 风险。","大 dirty diff；原型脚本同时持有表现、输入与临时战区状态。","冻结前使用精确 dirty 文件清单、patch/归档哈希与正反向 apply 检查；冻结后使用 V4 原子提交及其父提交。","VERIFIED","100%"
"V5","单兵种战争底座＋城内训练补兵","城市能真实训练步兵；驻军可派出；伤亡、幸存、驻扎/返回写回；保存重载后保持一致。","常态内城 + 外城派遣适配","V4 VERIFIED；城市/驻军/军队/训练/存档所有权合同通过 G1。","单兵种静态定义、持久驻军、训练队列、可持久 ArmyState 集合容器（V5 最多一支 active）、结果写回、版本化迁移、最小军备 UI。","不做第二兵种、多军队同屏指挥、敌方 AI、攻城、正式美术。","Unit definition contract, GarrisonState, TrainingQueue, ArmyState collection, City authority adapter, Save schema/migration","V4","合同测试、训练日结算、驻军守恒、派遣幂等、结果写回、存档迁移、全量回归。","训练一名步兵→派遣→结果→幸存写回→保存退出→重载一致。","G1 数据合同、G2 垂直闭环、G5 阶段独立复查。","复制第二套 CityState；把单兵种误固化为一个整数；未验收 S1A.2 被误纳入。","每个工作包原子提交；V4 冻结提交为返回点。","READY","0%"
"V6","持久外城战区＋多军队数据模型","多支军队可以在持久外城道路上行军、驻扎、支援、进攻、返回，重进场景后位置与进度一致。","外城战区 + 常态内城","V5 VERIFIED；ArmyState 与存档迁移稳定。","在 V5 ArmyState 集合容器上启用多个 active army、持久战区状态、RouteState、完整行军/场景恢复、遭遇/围城触发合同。","不实现完整遭遇战与攻城表现；UI 仍可一次只操作一支军队。","Theater/World-map strategic state, RouteState, V5 ArmyState collection extension, encounter/siege trigger facts","V5","多军队守恒、并发到达幂等、行军保存/恢复、场景重进、触发合同。","两支军队分别行军并重进外城；驻扎/支援/返回可读。","状态所有权、并发与迁移独立复查。","把 UI 单命令限制固化为模型单例；战略状态与表现 fixture 混淆。","V5 冻结提交 + 外城状态迁移前备份。","NOT_STARTED","0%"
"V7","步兵遭遇战","两军在道路或据点相遇时进入可读、可决策的步兵遭遇战，结果写回军队与战区。","外城战区 + BattleSession","V6 VERIFIED；遭遇触发合同已冻结。","遭遇 BattleRequest、步兵 BattleSession 适配、结果写回、撤退/失败/胜利。","不做第二兵种、攻城、复杂地形、装备与将领主动技能。","BattleRequest, BattleSession, BattleResult, ArmyState outcome adapter","V6","确定性、兵力守恒、重复结果、返回与存档回归。","至少胜利、失败、撤退各一次并解释原因。","战斗事实与战略写回边界复查。","复制 C0 战斗规则；BattleSession 直接修改持久状态。","V6 冻结提交。","NOT_STARTED","0%"
"V8","围城状态＋战事内城","军队抵达敌城后形成围城；进入临时战事内城，城墙/城门/核心代表战役，不摧毁常态内城布局。","外城战区 + 战事内城 + 持久城市","V7 VERIFIED；围城触发与城市保全契约通过。","Siege contract、战事内城 BattleSession 配置、可维修损伤、结果协调写回。","不复制城市建设、不随机删除建筑、不实现第二城市。","SiegeSession concept or BattleSession specialization, City damage facts, outcome resolver","V7","城市布局保全、损伤幂等、胜败撤退、重复返回。","战时核心被攻破后常态内城布局仍存在且后果可理解。","CityState/战事内城边界高风险复查。","BattleSession 失败被误写为删城/重置布局。","V7 冻结提交 + 城市数据备份。","NOT_STARTED","0%"
"V9","第二持久城市＋占领闭环","玩家可占领/收复第二城市；其布局和归属持久，失败不销毁原布局。","常态内城 + 外城战区 + 天下地图","V8 VERIFIED；多城市 identity 与迁移设计通过。","第二城市实例、归属/锁定、占领/收复、城市切换和存档。","不扩大城市数量、不做完整世界经济。","City identity registry, persistent city instances, ownership facts","V8","城市隔离、归属幂等、布局保全、迁移。","占领、切换、失败、收复后的两个城市状态清晰。","多城市单一事实源与迁移复查。","通过复制 ConstructionController 形成多个互相漂移的真相。","V8 冻结提交 + schema 迁移前备份。","NOT_STARTED","0%"
"V10","敌方战略行动","敌军会在天下地图上增援、封锁、进攻；玩家能提前看见并响应。","天下地图 + 外城战区","V9 VERIFIED；战略时间和敌方命令合同通过。","确定性敌方行动、预告、路线/驻军变化和结果日志。","不做复杂 AI 学习、不做随机事件海量池。","World strategic state, enemy orders, deterministic schedule/seed contract","V9","确定性重放、顺序、冲突、重复执行与存档。","玩家能说清敌军下一步及自己的应对。","敌方状态写入、时间顺序和可读性复查。","敌方逻辑绕过城市/军队权威入口。","V9 冻结提交。","NOT_STARTED","0%"
"V11","第二兵种＋正式编组","玩家用两种真实兵种组成可保存编组，并在战前/战中体现差异。","常态内城 + 外城战区 + BattleSession","V10 VERIFIED；单兵种数据合同已证明可扩展。","第二 UnitDefinition、训练与补给规则、编组、战斗差异。","不一次扩四兵种、不做装备/抽卡/将领养成。","UnitDefinition collection, Formation/Army composition","V10","多兵种守恒、训练、编组、迁移、战斗结果。","两种编组产生可解释的不同结果。","数据迁移与战斗平衡接口复查。","UI 空选项先于规则；旧单整数兵力迁移丢失。","V10 冻结提交 + schema 备份。","NOT_STARTED","0%"
"V12","工程、侦察、伏击和特殊行动","军队可执行少量明确的非正面战斗行动，改变路线、情报或战斗条件。","天下地图 + 外城战区 + BattleSession","V11 VERIFIED；行动命令与资源成本合同冻结。","工程/侦察/伏击工作包、特殊行动结果、存档和反馈。","不扩成通用脚本引擎、不堆空技能和无结果按钮。","Strategic order facts, route modifiers, intel facts, battle modifiers","V11","一次性成本/结果、取消、冲突、存档与回归。","每种行动都能看到代价、结果和下一决策。","范围、状态写回与玩法价值复查。","特殊行动成为无边界框架或重复状态。","V11 冻结提交。","NOT_STARTED","0%"
